{"stats":{"minecraft:picked_up":{"minecraft:oak_sign":7,"minecraft:lever":1,"minecraft:redstone_torch":1,"minecraft:target":2,"minecraft:redstone":1,"minecraft:orange_wool":2},"minecraft:dropped":{"minecraft:redstone_lamp":2,"minecraft:orange_wool":3,"minecraft:oak_sign":6,"minecraft:target":2},"minecraft:used":{"minecraft:redstone_torch":16,"minecraft:lever":10,"minecraft:redstone_lamp":9,"minecraft:repeater":7,"minecraft:target":7,"minecraft:redstone":141,"minecraft:orange_wool":48,"minecraft:oak_sign":16},"minecraft:custom":{"minecraft:time_since_rest":70980,"minecraft:crouch_one_cm":108,"minecraft:sprint_one_cm":710,"minecraft:play_time":70980,"minecraft:walk_one_cm":160472,"minecraft:sneak_time":299,"minecraft:drop":13,"minecraft:jump":142,"minecraft:leave_game":2,"minecraft:time_since_death":70980,"minecraft:total_world_time":89567,"minecraft:fly_one_cm":64156}},"DataVersion":2975}